{
  "id": 76,
  "date": "2022-07-04_14-40-36",
  "max epochs": 500,
  "image dims": [
    40,
    192,
    192
  ],
  "network model name": "monai.networks.nets.UNet",
  "network channels": [
    16,
    32,
    64,
    128
  ],
  "network norm": "BATCH",
  "loss func": "monai.losses.DiceLoss",
  "loss jaccard [T/F]": false,
  "loss squared pred [T/F]": true,
  "best at epoch": 139,
  "val best mean dice": 0.68,
  "val best mean iou": 0.53,
  "val best iou bilateral": 0.57,
  "val best iou vnt3": 0.45,
  "val best iou vnt4": 0.57
}