{
  "id": 89,
  "date": "2022-07-19_19-53-03",
  "max epochs": 2,
  "image dims": [
    40,
    192,
    192
  ],
  "network model name": "monai.networks.nets.UNet",
  "network channels": [
    16,
    32,
    64,
    128
  ],
  "network norm": "BATCH",
  "batch size": 16,
  "loss func": "monai.losses.DiceLoss",
  "loss jaccard [T/F]": false,
  "loss squared pred [T/F]": true,
  "best at epoch": 0,
  "val best mean dice": 0.01,
  "val best mean iou": 0.00,
  "val best iou bilateral": 0.01,
  "val best iou vnt3": 0.00,
  "val best iou vnt4": 0.00,
  "val best iou bilateral std": 0.00,
  "val best iou vnt3 std": 0.00,
  "val best iou vnt4 std": 0.00
}