{
  "id": 91,
  "date": "2022-07-20_05-46-49",
  "name": "brainventricles",
  "text": "mr-brainventricles-bilateral-init",
  "max epochs": 350,
  "image dims": [
    40,
    192,
    192
  ],
  "network model name": "monai.networks.nets.UNet",
  "network channels": [
    16,
    32,
    64,
    128
  ],
  "network norm": "BATCH",
  "batch size": 16,
  "loss func": "monai.losses.DiceLoss",
  "loss jaccard [T/F]": false,
  "loss squared pred [T/F]": true,
  "best at epoch": 171,
  "val best mean dice": 0.81,
  "val best mean iou": 0.68,
  "val best iou bilateral": 0.68,
  "val best iou vnt3": 0.00,
  "val best iou vnt4": 0.00,
  "val best iou bilateral std": 0.00,
  "val best iou vnt3 std": 0.00,
  "val best iou vnt4 std": 0.00
}