{
  "id": 94,
  "date": "2022-07-25_10-44-42",
  "name": "brainventricles",
  "text": {},
  "max epochs": 350,
  "image dims": [
    40,
    192,
    192
  ],
  "network model name": "monai.networks.nets.UNet",
  "network channels": [
    8,
    16,
    32,
    64
  ],
  "network norm": "BATCH",
  "batch size": 16,
  "loss func": "monai.losses.DiceLoss",
  "loss jaccard [T/F]": false,
  "loss squared pred [T/F]": true,
  "best at epoch": 206,
  "val best mean dice": 0.75,
  "val best mean iou": 0.61,
  "val best iou bilateral": 0.61,
  "val best iou vnt3": 0.58,
  "val best iou vnt4": 0.63,
  "val best iou bilateral std": 0.00,
  "val best iou vnt3 std": 0.00,
  "val best iou vnt4 std": 0.00
}