{
  "id": 92,
  "date": "2022-07-20_09-29-04",
  "name": "brainventricles-bilateral",
  "text": "mr-brainventricles-bilateral",
  "max epochs": 350,
  "image dims": [
    40,
    128,
    128
  ],
  "network model name": "monai.networks.nets.UNet",
  "network channels": [
    16,
    32,
    64
  ],
  "network norm": "BATCH",
  "batch size": 16,
  "loss func": "monai.losses.DiceLoss",
  "loss jaccard [T/F]": false,
  "loss squared pred [T/F]": true,
  "best at epoch": 232,
  "val best mean dice": 0.71,
  "val best mean iou": 0.56
}