{
  "id": 74,
  "date": "2022-07-04_12-17-31",
  "max epochs": 200,
  "image dims": [
    48,
    192,
    192
  ],
  "network model name": "monai.networks.nets.UNet",
  "network channels": [
    16,
    32,
    64,
    128
  ],
  "network norm": "BATCH",
  "loss func": "monai.losses.DiceLoss",
  "loss jaccard [T/F]": false,
  "loss squared pred [T/F]": true,
  "best at epoch": 195,
  "val best mean dice": 0.71,
  "val best mean iou": 0.57,
  "val best iou bilateral": 0.61,
  "val best iou vnt3": 0.49,
  "val best iou vnt4": 0.60
}