{
  "id": 75,
  "date": "2022-07-04_13-26-12",
  "max epochs": 500,
  "image dims": [
    48,
    192,
    192
  ],
  "network model name": "monai.networks.nets.UNet",
  "network channels": [
    16,
    32,
    64,
    128
  ],
  "network norm": "BATCH",
  "loss func": "monai.losses.DiceLoss",
  "loss jaccard [T/F]": false,
  "loss squared pred [T/F]": true,
  "best at epoch": 226,
  "val best mean dice": 0.69,
  "val best mean iou": 0.55,
  "val best iou bilateral": 0.50,
  "val best iou vnt3": 0.59,
  "val best iou vnt4": 0.60
}