{
  "id": 84,
  "date": "2022-07-18_13-41-27",
  "max epochs": 300,
  "image dims": [
    40,
    192,
    192
  ],
  "network model name": "monai.networks.nets.UNet",
  "network channels": [
    16,
    32,
    64,
    128
  ],
  "network norm": "BATCH",
  "loss func": "monai.losses.DiceLoss",
  "loss jaccard [T/F]": false,
  "loss squared pred [T/F]": true,
  "best at epoch": 167,
  "val best mean dice": 0.81,
  "val best mean iou": 0.68,
  "val best iou bilateral": 0.65,
  "val best iou vnt3": 0.70,
  "val best iou vnt4": 0.70
}