{
  "id": 98,
  "date": "2022-08-30_06-37-58",
  "name": "brainventricles-bilateral",
  "text": {},
  "max epochs": 300,
  "image dims": [
    128,
    128,
    128
  ],
  "network model name": "monai.networks.nets.UNet",
  "network channels": [
    16,
    32,
    64
  ],
  "network norm": "BATCH",
  "batch size": 16,
  "loss func": "monai.losses.DiceLoss",
  "loss jaccard [T/F]": false,
  "loss squared pred [T/F]": true,
  "best at epoch": 245,
  "val best mean dice": 0.69,
  "val best mean iou": 0.54
}