{
  "id": 90,
  "date": "2022-07-19_19-55-39",
  "max epochs": 350,
  "image dims": [
    40,
    192,
    192
  ],
  "network model name": "monai.networks.nets.UNet",
  "network channels": [
    16,
    32,
    64,
    128
  ],
  "network norm": "BATCH",
  "batch size": 16,
  "loss func": "monai.losses.DiceLoss",
  "loss jaccard [T/F]": false,
  "loss squared pred [T/F]": true,
  "best at epoch": 308,
  "val best mean dice": 0.80,
  "val best mean iou": 0.67,
  "val best iou bilateral": 0.65,
  "val best iou vnt3": 0.67,
  "val best iou vnt4": 0.69,
  "val best iou bilateral std": 0.00,
  "val best iou vnt3 std": 0.00,
  "val best iou vnt4 std": 0.00
}