{
  "id": 78,
  "date": "2022-07-05_20-46-36",
  "max epochs": 200,
  "image dims": [
    40,
    192,
    192
  ],
  "network model name": "monai.networks.nets.UNet",
  "network channels": [
    16,
    32,
    64,
    128
  ],
  "network norm": "BATCH",
  "loss func": "monai.losses.DiceLoss",
  "loss jaccard [T/F]": false,
  "loss squared pred [T/F]": true,
  "best at epoch": 126,
  "val best mean dice": 0.78,
  "val best mean iou": 0.66,
  "val best iou bilateral": 0.63,
  "val best iou vnt3": 0.66,
  "val best iou vnt4": 0.67
}