{
  "id": 73,
  "date": "2022-07-04_11-56-07",
  "max epochs": 1000,
  "image dims": [
    48,
    192,
    192
  ],
  "network model name": "monai.networks.nets.UNet",
  "network channels": [
    16,
    32,
    64,
    128,
    256
  ],
  "network norm": "BATCH",
  "loss func": "monai.losses.DiceLoss",
  "loss jaccard [T/F]": false,
  "loss squared pred [T/F]": true,
  "best at epoch": 140,
  "val best mean dice": 0.69,
  "val best mean iou": 0.54,
  "val best iou bilateral": 0.58,
  "val best iou vnt3": 0.48,
  "val best iou vnt4": 0.58
}