{
  "id": 95,
  "date": "2022-08-29_16-02-17",
  "name": "brainventricles",
  "text": {},
  "max epochs": 300,
  "image dims": [
    96,
    192,
    192
  ],
  "network model name": "monai.networks.nets.UNet",
  "network channels": [
    16,
    32,
    64,
    128
  ],
  "network norm": "BATCH",
  "batch size": 16,
  "loss func": "monai.losses.DiceLoss",
  "loss jaccard [T/F]": false,
  "loss squared pred [T/F]": true,
  "best at epoch": 197,
  "val best mean dice": 0.49,
  "val best mean iou": 0.39,
  "val best iou bilateral": 0.58,
  "val best iou vnt3": 0.00,
  "val best iou vnt4": 0.59,
  "val best iou bilateral std": 0.00,
  "val best iou vnt3 std": 0.00,
  "val best iou vnt4 std": 0.00
}