{
  "id": 87,
  "date": "2022-07-19_18-47-45",
  "max epochs": 20,
  "image dims": [
    40,
    192,
    192
  ],
  "network model name": "monai.networks.nets.UNet",
  "network channels": [
    16,
    32,
    64,
    128
  ],
  "network norm": "BATCH",
  "loss func": "monai.losses.DiceLoss",
  "loss jaccard [T/F]": false,
  "loss squared pred [T/F]": true,
  "best at epoch": 19,
  "val best mean dice": 0.39,
  "val best mean iou": 0.28,
  "val best iou bilateral": 0.41,
  "val best iou vnt3": 0.00,
  "val best iou vnt4": 0.44
}