{
  "id": 97,
  "date": "2022-08-29_20-42-43",
  "name": "brainventricles-bilateral",
  "text": {},
  "max epochs": 300,
  "image dims": [
    96,
    96,
    96
  ],
  "network model name": "monai.networks.nets.UNet",
  "network channels": [
    16,
    32,
    64
  ],
  "network norm": "BATCH",
  "batch size": 16,
  "loss func": "monai.losses.DiceLoss",
  "loss jaccard [T/F]": false,
  "loss squared pred [T/F]": true,
  "best at epoch": 190,
  "val best mean dice": 0.65,
  "val best mean iou": 0.49
}