{
  "id": 71,
  "date": "2022-07-04_09-07-38",
  "max epochs": 100,
  "image dims": [
    48,
    192,
    192
  ],
  "network model name": "monai.networks.nets.UNet",
  "network channels": [
    16,
    32,
    64,
    128,
    256
  ],
  "network norm": "BATCH",
  "loss func": "monai.losses.DiceLoss",
  "loss jaccard [T/F]": false,
  "loss squared pred [T/F]": true,
  "best at epoch": 2,
  "val best mean dice": 0.02,
  "val best mean iou": 0.01,
  "val best iou bilateral": 0.03,
  "val best iou vnt3": 0.00,
  "val best iou vnt4": 0.00
}